<?xml version="1.0" encoding="UTF-8"?>
<jtlshopplugin>
    <Name>Idealo Direktkauf</Name>
    <Description>Dieses Plugin importiert Ihre Idealo Direktkäufe in den Webshop und ermöglicht einen automatisierten Abgleich nach JTL WAWI.</Description>
    <Author>Martin Wolf | Mediengestaltung</Author>
    <URL>http://www.wolf-mediengestaltung.de</URL>
    <XMLVersion>102</XMLVersion>
    <ShopVersion>5.1.2</ShopVersion>
    <PluginID>mw_idealo</PluginID>
    <Version>1.0.3</Version>
    <CreateDate>2022-02-02</CreateDate>
    <Install>
        <Adminmenu>
            <Settingslink sort="1">
                <Name>Einstellungen</Name>
                <Setting type="text" initialValue="" sort="1" conf="Y">
                    <Name>Lizenzschluessel</Name>
                    <Description></Description>
                    <ValueName>lizenzkey</ValueName>
                </Setting>
                <Setting type="text" initialValue="" sort="2" conf="Y">
                    <Name>API Client-ID</Name>
                    <Description></Description>
                    <ValueName>api_client</ValueName>
                </Setting>
                <Setting type="text" initialValue="" sort="3" conf="Y">
                    <Name>API Secret</Name>
                    <Description></Description>
                    <ValueName>api_secret</ValueName>
                </Setting>
                <Setting type="selectbox" initialValue="sandbox" sort="4" conf="Y">
                    <Name>API Modus</Name>
                    <Description></Description>
                    <ValueName>api_mode</ValueName>
                    <SelectboxOptions>
                        <Option value="sandbox" sort="1">Sandbox</Option>
                        <Option value="live" sort="2">Live</Option>
                    </SelectboxOptions>
                </Setting>
                <Setting type="selectbox" initialValue="Y" sort="5" conf="Y">
                    <Name>Blindgrafik fuer Cron aktivieren</Name>
                    <Description>Wenn Sie keinen eigenen Cronjob fuer den Abruf der Idealo Direktkauf Bestellungen nutzen koennen, aktivieren Sie die Blindgrafik. Diese wird nach dem selben prinzip wie die Blindgrafik des Aufgabenplaners des Shops aufgerufen und ruft alle neuen Idealo Direktkauf Bestellungen ab. Wenn Sie einen eigenen Cron anlegen, rufen Sie diesen gegen die URL http(s)://meinShop.tld/IdealoIPN?do=getOrders</Description>
                    <ValueName>cron_img</ValueName>
                    <SelectboxOptions>
                        <Option value="Y" sort="1">Ja</Option>
                        <Option value="N" sort="2">Nein</Option>
                    </SelectboxOptions>
                </Setting>
                <Setting type="text" initialValue="" sort="11" conf="Y">
                    <Name>Standard Versandart</Name>
                    <Description>Geben Sie hier die Bezeichnung der Versandart ein, die als Standard für den Versand von Idealo Bestellungen verwendet werden soll. Diese wird dann verwendet, wenn von Idealo keine Info auf die Versandart übergeben wird.</Description>
                    <ValueName>versandart</ValueName>
                </Setting>
                <Setting type="text" initialValue="" sort="21" conf="Y">
                    <Name>E-Mail Adresse für Statusmail</Name>
                    <Description>Tragen Sie hier die E-Mail Adresse ein, an die eine Statusmail geschickt werden soll, wenn Idealo Bestellungen NICHT abgeholt werden konnten.</Description>
                    <ValueName>email_status</ValueName>
                </Setting>
            </Settingslink>
        </Adminmenu>
        <FrontendLink>
            <Link>
                <Filename>idealoipn.php</Filename>
                <Name>Idealo IPN</Name>
                <FullscreenTemplate>idealoipn.tpl</FullscreenTemplate>
                <VisibleAfterLogin>N</VisibleAfterLogin>
                <PrintButton>N</PrintButton>
                <SSL>2</SSL>
                <LinkLanguage iso="GER">
                    <Seo>IdealoIPN</Seo>
                    <Name>Idealo IPN</Name>
                    <Title>Idealo IPN</Title>
                    <MetaTitle>Idealo IPN</MetaTitle>
                    <MetaKeywords>Idealo IPN</MetaKeywords>
                    <MetaDescription>Idealo IPN</MetaDescription>
                </LinkLanguage>
            </Link>
        </FrontendLink>
        <Emailtemplate>
            <Template>
                <Name>MW Idealo Bestellung nicht abgerufen</Name>
                <Description />
                <Type>text/html</Type>
                <ModulId>mwidealo</ModulId>
                <Active>Y</Active>
                <AKZ>0</AKZ>
                <AGB>0</AGB>
                <WRB>0</WRB>
                <TemplateLanguage iso="GER">
                    <Subject>MW Idealo Bestellung nicht abgerufen</Subject>
                    <ContentHtml><![CDATA[{includeMailTemplate template=header type=html}
                        
<p>Die Idealo Bestellung <em>{$oPluginMail->idealoBestellNr}</em> wurde nicht abgerufen, da keiner der enthaltenen Artikel im Shop existiert.</p>
<p>Übertragen Sie die Artikel an den Webshop und rufen Sie die Bestellung anschließend über den folgenden Link erneut ab: <a href="{$oPluginMail->get_order_url}">{$oPluginMail->get_order_url}</a></p>

{includeMailTemplate template=footer type=html}]]></ContentHtml>
                    <ContentText><![CDATA[{includeMailTemplate template=header type=plain}
                        
Die Idealo Bestellung {$oPluginMail->idealoBestellNr} wurde nicht abgerufen, da keiner der enthaltenen Artikel im Shop existiert.
                        
Übertragen Sie die Artikel an den Webshop und rufen Sie die Bestellung anschließend über den folgenden Link erneut ab: {$oPluginMail->get_order_url}

{includeMailTemplate template=footer type=plain}]]></ContentText>
                </TemplateLanguage>
                <TemplateLanguage iso="ENG">
                    <Subject>MW Idealo Bestellung nicht abgerufen</Subject>
                    <ContentHtml><![CDATA[{includeMailTemplate template=header type=html}
                        
<p>Die Idealo Bestellung <em>{$oPluginMail->idealoBestellNr}</em> wurde nicht abgerufen, da keiner der enthaltenen Artikel im Shop existiert.</p>
<p>Übertragen Sie die Artikel an den Webshop und rufen Sie die Bestellung anschließend über den folgenden Link erneut ab: <a href="{$oPluginMail->get_order_url}">{$oPluginMail->get_order_url}</a></p>

{includeMailTemplate template=footer type=html}]]></ContentHtml>
                    <ContentText><![CDATA[{includeMailTemplate template=header type=plain}
                        
Die Idealo Bestellung {$oPluginMail->idealoBestellNr} wurde nicht abgerufen, da keiner der enthaltenen Artikel im Shop existiert.
                        
Übertragen Sie die Artikel an den Webshop und rufen Sie die Bestellung anschließend über den folgenden Link erneut ab: {$oPluginMail->get_order_url}

{includeMailTemplate template=footer type=plain}]]></ContentText>
                </TemplateLanguage>
            </Template>
        </Emailtemplate>
    </Install>
</jtlshopplugin>