<?xml version="1.0" encoding="ISO-8859-1"?>
<jtlshop3plugin>
    <Name>JTL Recht auf Vergessenwerden</Name>
    <Description>Dieses Plugin setzt das in Artikel 17 EU-DSGVO beschriebene "Recht auf Vergessenwerden" in JTL-Shop um. Personenbezogene Daten werden automatisch und fristgerecht in der Shopdatenbank durch Wawi-Abgleich entfernt, wenn der Zweck zur Verarbeitung der Daten nicht mehr gegeben ist. Die Fristen können in den Plugin-Einstellungen geändert werden. </Description>
    <Author>JTL-Software-GmbH</Author>
    <URL>https://jtl-software.de</URL>
    <PluginID>jtl_gdpr_right_to_be_forgotten</PluginID>
    <XMLVersion>100</XMLVersion>
    <ShopVersion>320</ShopVersion>
    <Shop4Version>400</Shop4Version>
    <Install>
        <Version nr="100">
            <CreateDate>2018-05-14</CreateDate>
        </Version>
        <Hooks>
            <Hook id="134">134_lastjobs.php</Hook>
        </Hooks>
        <Adminmenu>
            <Settingslink sort="1">
                <Name>Einstellungen</Name>
                <Setting type="zahl" initialValue="7" sort="1" conf="Y">
                    <Name>IPs nach X Tagen anonymisieren</Name>
                    <Description>Anonymisiert IP-Adressen in diversen Tabellen alle X Tage</Description>
                    <ValueName>interval_anonymize_ips</ValueName>
                </Setting>
                <Setting type="zahl" initialValue="90" sort="2" conf="Y">
                    <Name>Logs mit persönlichen Daten nach X Tagen löschen</Name>
                    <Description></Description>
                    <ValueName>interval_clear_logs</ValueName>
                </Setting>
                <Setting type="zahl" initialValue="30" sort="3" conf="Y">
                    <Name>Inaktive Newsletterempfänger nach X Tagen löschen</Name>
                    <Description></Description>
                    <ValueName>interval_clear_non_opt_newsletter_recipients</ValueName>
                </Setting>
                <Setting type="zahl" initialValue="365" sort="4" conf="Y">
                    <Name>Gastkonten nach X Tagen löschen</Name>
                    <Description>Entfernt von der JTL-Wawi bereits abgeholte Gastkonten unabhängig vom Bestellstatus nach X Tagen</Description>
                    <ValueName>interval_delete_guest_accounts</ValueName>
                </Setting>
            </Settingslink>
        </Adminmenu>
    </Install>
</jtlshop3plugin>